<?xml version='1.0' encoding='UTF-8' ?>
<timeLogEntries>
  <time id="1" path="/Proyecto/Dia1/PSP0.1/Planning" start="@1637308656023" delta="15" />
  <time id="2" path="/Proyecto/Dia1/PSP0.1/Planning" start="@1637309592427" delta="1" />
  <time id="3" path="/Proyecto/Dia1/PSP0.1/Design" start="@1637309597409" delta="15" />
  <time id="4" path="/Proyecto/Dia1/PSP0.1/Code" start="@1637310503984" delta="51" />
  <time id="5" path="/Proyecto/Dia1/PSP0.1/Test" start="@1637313549836" delta="1" />
  <time id="6" path="/Proyecto/Dia1/PSP0.1/Postmortem" start="@1637313613901" delta="5" />
  <time id="7" path="/Proyecto/Ahorcado/PSP0.1/Planning" start="@1638517137771" delta="3" />
  <time id="8" path="/Proyecto/Ahorcado/PSP0.1/Design" start="@1638517336674" delta="12" />
  <time id="9" path="/Proyecto/Ahorcado/PSP0.1/Planning" start="@1638518062099" delta="1" />
  <time id="10" path="/Proyecto/Ahorcado/PSP0.1/Design" start="@1638518063094" delta="1" />
  <time id="11" path="/Proyecto/Ahorcado/PSP0.1/Code" start="@1638518064177" delta="68" />
  <time id="12" path="/Proyecto/Ahorcado/PSP0.1/Code" start="@1638524008230" delta="9" />
  <time id="13" path="/Proyecto/Ahorcado/PSP0.1/Compile" start="@1638524548842" delta="2" />
  <time id="14" path="/Proyecto/Ahorcado/PSP0.1/Test" start="@1638524655983" delta="5" />
  <time id="15" path="/Proyecto/Ahorcado/PSP0.1/Postmortem" start="@1638524940092" delta="4" />
</timeLogEntries>
